{"cameraMode":{"drawMode":0,"name":"Shaded","section":"Shading Mode"},"sceneLighting":true,"audioPlay":false,"sceneViewState":{"m_AlwaysRefresh":false,"showFog":true,"showSkybox":true,"showFlares":true,"showImageEffects":true,"showParticleSystems":true,"showVisualEffectGraphs":true,"m_FxEnabled":true},"in2DMode":false,"pivot":{"x":9.365575790405274,"y":3.3624114990234377,"z":-8.516908645629883},"rotation":{"x":-0.04208464175462723,"y":0.9569958448410034,"z":-0.18038956820964814,"w":-0.22326591610908509},"size":21.133766174316408,"orthographic":false}